{
  "type": "service_account",
  "project_id": "dayatgold-bot",
  "private_key_id": "abc123xyz456fakekeyid",
  "private_key": "-----BEGIN PRIVATE KEY-----\\nFAKEPRIVATEKEY\\n-----END PRIVATE KEY-----\\n",
  "client_email": "dayatgold-bot@dayatgold-bot.iam.gserviceaccount.com",
  "client_id": "123456789012345678901",
  "auth_uri": "https://accounts.google.com/o/oauth2/auth",
  "token_uri": "https://oauth2.googleapis.com/token",
  "auth_provider_x509_cert_url": "https://www.googleapis.com/oauth2/v1/certs",
  "client_x509_cert_url": "https://www.googleapis.com/robot/v1/metadata/x509/dayatgold-bot%40dayatgold-bot.iam.gserviceaccount.com"
}